"Modelo SPED";Não;"Modelo após Leis 11638/2007 e 11941/2009 (Adaptada ao Sped)";"00000001";"";"N"
"SERVCONT";Não;"SERVCONT CONTABILIDADE LTDA ME";"41398991";"";"S"
"JOSE RENAN";Sim;"JOSE RENAN CESAR SALES-ME";"04448150";"";"S"
"F T ARRAIS";Não;"F T ARRAIS DE OLIVEIRA AMAZONAS MOVEIS";"04128121";"";"S"
"RENAVE";Não;"RENAVE REDE NACIONAL DE VENDAS LTDA ME";"07361769";"";"S"
"ADMIR";Sim;"ADMIR DA COSTA LINO-ME";"04597216";"";"S"
"PEDROSO";Não;"PEDROSO E CARVALHO IND COM LTDA ME";"03783231";"";"S"
"REMO";Sim;"REMO ELETRO MECANICA LTDA";"07214869";"";"S"
"REATE";Não;"REATE REBOUCAS ASSISTENCIA TECNICA EM APARELHOS DE REFRIGERAÇÃO LTDA ME";"35236389";"";"S"
"COPIMEL";Não;"COPIMEL COM PISO E MAT ELETRICO LTDA ME";"03287245";"";"S"
"PETROGAS";Não;"PETROGAS COMERCIAL LTDA ME";"07764819";"";"S"
"JOSE JAIME";Não;"JOSE JAIME COELHO DOS SANTOS ME";"00514071";"";"S"
"REGINALDO";Sim;"REGINALDO PEREIRA";"63378301";"";"S"
"VIANA E VIANA";Sim;"VIANA E VIANA COMERCIO IMP EXP REP LTDA";"03972848";"";"N"
"SOL NASCENTE";Sim;"CONDOMINIO MORADA DO SOL NASCENTE";"02399825";"";"N"
"GRAFICA SELECAO";Não;"GRAFICA SELECAO SERVICOS GRAFICOS LTDA";"08038888";"";"S"
"JOSE CARLOS";Sim;"JOSE CARLOS DE SOUZA PISOS ME";"08185023";"";"S"
"GUARANY GAS";Não;"GUARANY GAS LTDA";"72135221";"";"N"
"CASTELÃO GAS";Não;"CASTELAO GAS LTDA";"41428210";"";"N"
"HORIZONTE GAS";Não;"HORIZONTE GAS LTDA";"63497119";"";"N"
"PRO AVES";Sim;"PRO AVES DISTRIBUIDORA LTDA ME";"41322025";"";"S"
"A S ARAUJO";Não;"ANTONIO S ARAUJO ME";"11651742";"";"S"
"MINHA CLINICA B";Sim;"MINHA CLINICA LTDA ME";"11262084";"";"S"
"IRAIDES";Sim;"IRAIDES CORREIA LIRA-ME";"86914736";"";"S"
"DIAGNOSTICOS";Sim;"OMNIMAGEM MILLENIUM DIAGNOSTICOS POR IMAGENS TRAÇADOS";"04844523";"";"S"
"FLASH GAS";Sim;"FLASH COMERCIO DE GAS LTDA";"05586749";"";"S"
"COND ATLANTICO";Sim;"CONDOMINIO ED ATLANTICO RESID SERVICE";"41411075";"";"N"
"JOSE CRISTIANO";Não;"JOSE CRISTIANO BRANDAO DE SOUSA ME ";"01079296";"";"S"
"REY FRANGO";Sim;"MERCADINHO E FRIGORIFICO REY FRANGO LTDA";"03547526";"";"S"
"JOSE ESTENIO";Sim;"JOSE ESTENIO CAPISTRANO CARNEIRO ME";"35054998";"";"N"
"MARILENE CEZAR";Não;"MARILENE CEZAR FROTA ME";"06925813";"";"S"
"LIMOEIRO";Sim;"COMERCIAL DE GAS LIMOEIRO LTDA";"06292349";"";"N"
"SOUZA E DALMEID";Não;"SOUZA E DALMEIDA INDUSTRIA E COMERCIO DE REBOQUES LTDA";"84142009";"";"S"
"MARIA DE FATIMA";Não;"REMO SERVICE REFRIGERAÇÃO LTDA ME";"02778543";"";"S"
"JOSE AIRTON";Não;"JOSE AIRTON FROTA ME";"02145180";"";"S"
"JONAS COSTA";Sim;"JONAS CAPISTRANO DA COSTA ME";"06026010";"";"S"
"MILLENIUM";Sim;"OMNIMAGEM MILLENIUM DIAGNOSTICOS POR IMAGENS, TRAÇADOS E TERAPIA LTDA";"04844523";"";"N"
"RAH";Não;"REDE ADMINISTRACAO HOTELEIRA LTDA";"05502269";"";"S"
"L N GAS E TRANS";Não;"L N GAS E TRANSPORTES LTDA";"05431264";"";"N"
"FORTLAV";Não;"FORTLAV FORTALEZA LAVANDERIAS LTDA ME";"02678890";"";"S"
"M I LIMA";Sim;"M I LIMA CAMARA ME";"12456216";"";"S"
"REI DO PISO";Sim;"REI DO PISO COMERCIAL LTDA ME";"07324895";"";"S"
"UNIAO GAS";Não;"UNIAO GAS COMERCIAL LTDA";"05924231";"";"N"
"ANTONIA LUZINEI";Sim;"ANTONIA LUZINEIDE EUGENIO F FERNANDES ME";"05509535";"";"S"
"R N DUTRA";Não;"R N DUTRA REPRESENTACOES LTDA";"03163939";"";"N"
"TED MERCHANDISI";Não;"TED MERCHANDISING CONS TREIN DIST LTDA";"06894883";"";"N"
"CONTRA CHEQUES";Não;"REATE REBOUÇAS ASSIST TEC EM APAR DE REFRIG LTDA";"35236389";"";"S"
"JONAS FILHO";Não;"JONAS CAPISTRANO FILHO ME";"05945565";"";"S"
"RESTAURANTE EXT";Sim;"RAH RESTAURANTE LTDA ME EXTRA";"08435381";"";"S"
"EDSON ESTACIO";Não;"EDSON ESTACIO CHAVES FILHO ME";"12287900";"";"N"
"E054";Sim;"FRANCISCO RIOS DO NASCIMENTO";"00417300";"";"S"
"E055";Sim;"JULIANA";"06292349";"";"S"
"RAH OCEAN VIEW";Sim;"REDE ADMINISTRAÇÃO HOTELEIRA OCEAN VIEW LTDA ME";"08435381";"";"S"
"ZEQUINHA";Não;"JOSE LUIS PEREIRA UCHOA ME";"00788862";"";"S"
"MONTESE PISO";Sim;"MONTESE PISOS COML DIST DE MAT CONST LTD";"01523322";"";"S"
"SANDRA HELENA";Não;"SANDRA HELENA RODRIGUES DE SOUZA ME";"07209254";"";"S"
"FRANCISCO ERIVA";Sim;"FRANCISCO ERIVAN CESAR SALES ME";"05519697";"";"S"
"LARA DIAS LEIT";Sim;"LARA DIAS LEITAO ME";"07202105";"";"S"
"MARCONI OLIVEIR";Sim;"WAVE PESCADOS COMERCIAL LTDA ME";"04089216";"";"S"
"R R C INDUSTRIA";Não;"R R C INDUSTRIA E COMERCIO DE CONFECÇOES LTDA";"05506366";"";"S"
"JOSE RONILDO";Não;"JOSE RONILDO PEREIRA ME";"03598052";"";"S"
"DEP. CASTELAO";Não;"DEPOSITO CASTELAO COM MAT CONST LTDA ME";"07538167";"";"S"
"MAXI";Sim;"OMNIMAGEM MAXI SERVIÇOS POR IMAGENS LTDA ME";"07229823";"";"S"
"HORIZONTE CERAM";Sim;"HORIZONTE IND E COM DE CERAMICA LTDA ME";"07202079";"";"S"
"ADALBERTO";Sim;"ADALBERTO BANDEIRA FERREIRA";"00000000";"";"N"
"FCO EDNALDO";Sim;"FRANCISCO EDNALDO BRITO DA SILVA ME";"06126636";"";"S"
"ULTRA RAPIDO";Sim;"ULTRA RAPIDO COMERCIAL DE GAS LTDA";"08214254";"";"N"
"AERO GAS";Não;"AERO GAS COMERCIAL LTDA";"07449536";"";"S"
"SIMULAÇÃO ADRI";Sim;"ADRIANA CAPISTRANO DA FONSECA";"11711716";"";"N"
"MILLENIUM - EXT";Sim;"OMNIMAGEM MILLENIUM D I T T LTDA";"04844523";"";"N"
"HORIZONTE MAQUI";Sim;"HORIZONTE LOCACAO DE MAQUINAS E EQUIPAMENTOS LTDA ME";"07814885";"";"N"
"CAIO ALVES";Sim;"CAIO ALVES DE FIGUEIREDO EPP";"12500048";"";"S"
"LAGOA EXPRESSO";Sim;"LAGOA EXPRESSO COMERCIAL DE GAS LTDA                        ";"08314329";"";"N"
"MELINE GALDINO";Sim;"MELINE GALDINO SALUSTIANO                                   ";"05108661";"";"S"
"COMFRIBOM";Sim;"COMFRIBOM COMERCIO E INDUSTRIA DE FRIOS E EMBUTIDOS LTDA    ";"03935552";"";"S"
"F F LIMA COMERC";Sim;"F F LIMA COMERCIO DE PISOS E MATERIAL DE CONSTRUÃÃO LTDA    ";"06105494";"";"S"
"MARCIA";Sim;"MARCIA BERNADINO DA SILVA                                   ";"07077329";"";"S"
"RAH-VILA-07";Sim;"RAH - VILA COSTEIRA";"05502269";"";"N"
"RAH-PORTO-07";Sim;"RAH - PORTO JANGADA";"05502269";"";"N"
"RAH-OCEAN-07";Sim;"RAH OCEAN VIEW - 07 LTDA";"08435381";"";"N"
"DOMINGOS";Não;"FORCE SERVIÇOS DE APOIO ADMINISTRATIVO EIRELI ME";"08677458";"";"S"
"PIRGOS MARY";Sim;"ANGELA MERICY FREIRE GUERRA ME";"08561932";"";"S"
"RAPIDAO";Sim;"RAPIDAO COMERCIAL DE GAS LTDA";"08647795";"";"S"
"MARAPONGA GAS";Não;"MARAPONGA COMERCIO DE GAS LTDA ";"07936308";"";"S"
"ARTEC";Sim;"ARTEC SERVIÇOS EM AR CONDICIONADO E CONSTRUÇÕES LTDA ME";"08083816";"";"S"
"RAIMUNDA NOJOSA";Sim;"RAIMUNDA NOJOSA DO NASCIMENTO ME";"08105664";"";"S"
"FACTOR CONSULTO";Sim;"FACTOR CONSULTORES ASSOCIADOS LTDA";"02183577";"";"N"
"PINHEIRO E MELO";Sim;"PINHEIRO E MELO IMP E COM ELET LTDA";"08650634";"";"S"
"FORTGAS";Sim;"FORTGAS COMERCIAL LTDA";"08728991";"";"N"
"CRISTIANNO";Não;"CRISTIANNO CALHEIROS BARBOSA ME";"08562073";"";"S"
"ÁUREA";Não;"AUREA INDUSTRIA E COMERCIO DE AGUAS LTDA ME";"08884667";"";"S"
"JULIANO";Sim;"JULIANO ESTEVES VIANA";"";"69359520349";"S"
"W E A COMERCIO";Sim;"W E A COMERCIO DE GAS LTDA";"05582943";"";"S"
"MARIA JOSE";Sim;"MARIA JOSE NUNES HOLANDA ME";"00313626";"";"S"
"GRACILEIDE";Sim;"GRACILEIDE SOUZA DAMASCENO PISOS ME";"09053111";"";"S"
"FATIMA REPRESEN";Não;"FATIMA ALMEIDA REPRESENTAÇÕES LTDA";"08486571";"";"N"
"TATIANE";Sim;"TATIANE MENDES XIMENES ARAUJO ME";"08668290";"";"S"
"LIMPEL LEANDRO";Não;"LIMPEL COMERCIO DE PRODUTOS DE LIMPEZA E PAPEIS EIRELI ME";"02542787";"";"N"
"CENTER GAS";Não;"CENTER GAS COMERCIAL LTDA ME";"08848987";"";"N"
"J PISOS";Não;"FRANCISCO CAMURCA JUNIOR ME";"05034318";"";"S"
"ESC ESP AQUATIC";Sim;"ANTONIA DE MOURA ARAUJO ME";"09421795";"";"S"
"TOK LIMP";Não;"TOK LIMP COMERCIO ATACADISTA DE PRODUTOS DE LIMPEZA E DESCARTAVEIS EIRELI ME";"09449930";"";"N"
"ANNY BOUTIQUE";Sim;"ANNY BOUTIQUE LTDA ME";"07267255";"";"S"
"TANIA MARIZE";Sim;"TANIA MARIZE RODRIGUES DE SOUSA ME";"09346905";"";"S"
"READY SERVICE";Não;"READY SERVICOS DE APOIO ADMINISTRATIVO LTDA ME";"09519684";"";"S"
"NADIEGA";Não;"SUPER ATACADO DE BEBIDAS HORIZONTE LTDA ME";"08720173";"";"S"
"NAZARENO MOTOS";Sim;"MANOEL DE JESUS E VASCONCELOS COELHO EPP";"02960251";"";"S"
"CONT A RECEBER";Sim;"MORADA DO SOL NASCENTE - CONTAS A RECEBER";"02399825";"";"N"
"RONEY";Não;"RONEY ESTEFANI BODOLAY TRANSPORTES ME";"09074795";"";"S"
"ALRILANGELA";Sim;"ALRILANGELA DA COSTA MUNIZ ROCHA ME";"07672032";"";"N"
"LUDAN";Sim;"LUDAN INFORMATICA SERVIÇO E COMERCIO LTDA ME";"10392037";"";"S"
"CLASSIC RAH";Não;"CLASSIC RAH REDE ADMINISTRAÇÃO HOTELEIRA LTDA ME ";"10457768";"";"S"
"LS SERVIÇO";Sim;"L S SERVIÇO DE INFORM DE LOCAÇÃO E VENDA DE IMOVEIS LTDA";"10487310";"";"N"
"CG GÁS";Sim;"C G COMERCIAL DE GAS LTDA ME";"09577398";"";"N"
"CORPO EM MOVIME";Sim;"CORPO EM MOVIMENTO INDUSTRIAL E COMERCIO DE CONFECÇÕES ";"03794935";"";"S"
"RAH CLASSIC.";Sim;"RAH CLASSIC  15799/8";"10457768";"";"N"
"RAH CLASSIC";Sim;"RAH CLASSIC 22890/6";"10457768";"";"N"
"COND CLASSIC";Sim;"CONDOMINIO EDIFICIO CLASSIC RESIDENCE";"03065756";"";"N"
"M F B ARRUDA";Não;"M F B DE SOUSA ARRUDA ME";"86978863";"";"S"
"CORDOVIL";Não;"DP CORDOVIL APOIO ADMINISTRATIVO LTDA";"10920360";"";"N"
"LU GAS";Não;"LU GAS COMERCIAL LTDA ME";"11050323";"";"N"
"ANDREZZA";Sim;"ANDREZZA DISTRIBUIDORA DE ALIMENTOS E TRANSPORTES LTDA ME";"11068611";"";"S"
"RAH VILA COSTEI";Sim;"REDE ADMINISTRAÇÃO HOTELEIRA VILA COSTEIRA LTDA ME";"11090596";"";"S"
"REMO SERVIÇO";Sim;"REMO SERVIÇOS";"07214369";"";"S"
"CONTREM";Não;"CONTREM CONSULTORIA E TREINAMENTO EMPRESARIAL LTDA";"11265870";"";"N"
"ADRIANA";Não;"J F COMERCIAL DE PISOS LTDA";"11711716";"";"S"
"BARRUDADA HOTEL";Sim;"BARRUDADA PALACE HOTEL LTDA";"01978018";"";"S"
"BARRUDADA";Não;"BARRUDADA PALACE HOTEL LTDA";"01978018";"";"S"
"MILLENIUM AUTO";Sim;"MILLENIUM AUTO MECANICA LTDA ME";"11494464";"";"S"
"NELMA PISOS";Não;"NELMA COMERCIAL DE PISOS LTDA ME";"11832251";"";"S"
"ANTONIA EUFASIN";Sim;"ANTONIA EUFRASINO DO CARMO";"11365330";"";"S"
"REGIME DE CAIXA";Sim;"CONDOMINIO EDIFICIO CLASSIC RESIDENCE REGIME DE CAIXA";"03065756";"";"N"
"OTAVIO GOMES";Não;"OTAVIO GOMES INDUSTRIA E COMERCIO DE CONFECCAO LTDA";"05929280";"";"S"
"LAB DE PAT";Não;"LABORATORIO DE PATOLOGIA CLINICA DR GASPAR VIANA LTDA";"07215031";"";"S"
"ANA PAULA MACIE";Sim;"ANA PAULA MACIEL MATOS ME";"02702364";"";"S"
"COSTA BRANDAO";Não;"COSTA BRANDAO RESTAURANTES LTDA ME";"12193010";"";"S"
"BRISA SERVICE";Não;"BRISA SERVICE REFRIGERAÇÃO LTDA ME";"12526839";"";"S"
"X3 CONSTRUÇÕES";Não;"X3 CONSTRUÇÕES PRE MOLDADOS E LOCAÇÕES LTDA ME";"12829788";"";"S"
"VIA MAR";Não;"VIA MAR COMERCIO DE PEIXES E MARISCOS LTDA ME";"12695849";"";"S"
"ALDO";Não;"ALDO REPRESENTACOES LTDA";"73623928";"";"N"
"ULTRAMAIS";Sim;"ULTRAMAIS GAS COMERCIAL LTDA ME";"12942775";"";"S"
"GELYDUS";Não;"GELYDUS INDUSTRIA E COMÉRCIO DE SORVETES LTDA";"10696236";"";"S"
"ANTONIO CARLOS";Sim;"ANTONIO CARLOS PIRES DA SILVA";"13157983";"";"S"
"CADEIRA REPRES";Não;"CADEIRA REPRESENTAÇÕES LTDA";"03843290";"";"N"
"ROSIMEIRE";Não;"ROSIMEIRE VALENTIM DE SOUSA";"13524768";"";"S"
"ESCANTEIO";Sim;"ESCANTEIO JORNAL LTDA ME";"12750773";"";"N"
"ACRILIRA";Não;"FRANCISCO DE PAULO CORREIA LIRA";"11386622";"";"S"
"SERV - HORIZONT";Não;"SERVCONT - HORIZONTE";"41398991";"";"N"
"JORGE NOE";Não;"JORGE NOE LACERA DE LIMA";"";"23122129000";"N"
"CASTELÃO SPED";Sim;"CASTELAO GAS LTDA";"41428210";"";"N"
"HORIZONTE SPED";Sim;"HORIZONTE GAS LTDA";"63497119";"";"S"
"GUARANY SPED";Sim;"GUARANY GAS LTDA";"72135221";"";"S"
"UNIÃO GAS SPED";Sim;"UNIAO GAS COMERCIAL LTDA";"05924231";"";"N"
"LUIZ CARLOS";Sim;"LUIZ CARLOS CAMPOS COSTA";"";"01025759320";"N"
"IMEX";Sim;"IMEX INDUSTRIA METALURGICA EXATA LTDA ME";"10649468";"";"S"
"CRECHE ESCOLA";Não;"CRECHE ESCOLA ENVIADOS POR DEUS LTDA ME";"12085459";"";"S"
"ESCOLA ENVIADOS";Não;"ESCOLA ENVIADOS POR DEUS LTDA";"12477494";"";"S"
"BANCO CASTELÃO.";Sim;"CASTELÃO GAS LTDA ME";"41428210";"";"N"
"BANCO EDSON EST";Sim;"EDSON ESTACIO CHAVES FILHO ME";"12287900";"";"S"
"BANCO UNIÃO GAS";Sim;"UNIAO GAS COMERCIAL LTDA";"05924231";"";"N"
"BANCO MARAPONGA";Não;"MARAPONGA COMERCIO DE GAS LTDA ";"07936308";"";"S"
"BANCO HORIZONTE";Não;"HORIZONTE GAS LTDA";"63497119";"";"S"
"BANCO L N GAS";Sim;"LN GAS E TRANSPORTE LTDA";"05431264";"";"N"
"ORTOPEDIK";Sim;"ORTOPEDIK KLAUS E KAFKA INSDUSTRIA E COMERCIO EM ORTOPEDIA LTDA ME";"11634428";"";"N"
"BANCO GUARANY";Sim;"GUARANY GAS LTDA";"72135221";"";"S"
"EDILAMAR";Não;"EDILAMAR PAIVA DE OLIVEIRA QUEIROZ";"14330000";"";"S"
"EPP IGOR";Sim;"XXXXXXXXXXXXXXXXXXXXXXX";"09367876";"";"N"
"LOJAS ALVES";Sim;"LOJAS ALVES COMERCIO DE MATERIAL DE CONSTRUÇÃO LTDA ME";"09367876";"";"N"
"BRANDONIS";Sim;"BRANDONIS RESTAURANTE BAR";"05502269";"";"N"
"MAR MOTA";Não;"MOTA E JUNIOR PESCADOS E FRUTOS DO MAR LTDA ME";"14048403";"";"N"
"JULIO CESAR";Não;"JULIO CESAR SOUSA ALVES DO NASCIMENTO EPP";"05891275";"";"N"
"D M M SPED";Sim;"DEPOSITO DE MATERIAL DE CONSTRUÇÃO MARIA DE MATOS";"00236105";"";"N"
"ROSANG SPED";Sim;"ROSANGELA ALENCAR DA SILVA";"09309085";"";"N"
"2011 CASTELÃO G";Não;"CASTELAO GAS LTDA";"41428210";"";"N"
"MUNDO DAS CORES";Sim;"MUNDO DAS CORES COMERCIO DE TINTAS LTDA ME";"15387513";"";"S"
"PABLO";Não;"PABLO HENRIQUE LIMA DA SILVA BARRUDADA ME";"14990004";"";"S"
"UNICOPY";Não;"JOSE RICARDO SILVA DO NASCIMENTO ME";"05621486";"";"S"
"UNIVERSO BALÃO";Não;"UNIVERSO BALÃO COMERCIO E SERVIÇO LTDA";"13835224";"";"S"
"M ELINEIDE";Não;"M ELINEIDE DE ASSIS";"11033611";"";"N"
"MULTICLINICA";Não;"MULTICLINICA FORTALEZA LTDA";"01373946";"";"N"
"MINHA CLINICA";Sim;"MINHA CLINICA LTDA";"11262084";"";"S"
"DAMX";Não;"DAMX EMPREENDIMENTOS E CONSTRUCOES LTDA";"13133711";"";"N"
"FATIMA FORTALEZ";Não;"MARIA DE FATIMA FORTALEZA N MIRANDA";"";"00000000000";"N"
"HOSP. SÃO FRANC";Sim;"XXXXXXXXXXXXXXXXX";"07113558";"";"N"
"FLAVIA DE ARAUJ";Sim;"FLAVIA DE ARAUJO BARBOSA";"";"01622396537";"N"
"J C PISOS";Não;"J C DISTRIBUIDORA DE PISOS COMERCIAL LTDA ME";"15142842";"";"S"
"S ANDRADE";Não;"S ANDRADE COMERCIO E REPRESENTAÇÕES LTDA ME";"16499323";"";"N"
"BARATÃO";Não;"GEMACON COMERCIO DE MATERIAIS  DE CONSTRUÇÃO LIMITADA EIRELI EPP";"10633462";"";"S"
"HOSPITAL";Sim;"SOCIEDADE HOSPITALAR SAO FRANCISCO DE CANINDE";"07113558";"";"N"
"GEMACON";Não;"GEMACON COM DE MATERIAIS DE CONSTRUCAO LTDA ME ";"10633462";"";"N"
"HOSPITAL REGIME";Não;"SOCIEDADE HOSPITALAR SAO FRANCISCO DE CANINDE";"07113558";"";"N"
"GLAUCIA MARTINS";Não;"GLAUCIA MARTINS LIMA FERRO ME";"72243744";"";"S"
"CLINICA PSICO.";Não;"CLINICA DE PSICOLOGIA CRISTIANE R. MORAIS LTDA";"02268014";"";"N"
"COSTA DE MELO";Não;"CONSULTORIO MEDICO COSTA DE MELO S/C LTDA";"05339164";"";"N"
"DR. HUMBERTO";Não;"CLINICA DERMATOLOGICA DR HUMBERTO MACIEL ";"02680678";"";"N"
"CASA CARVALHO";Não;"CASA CARVALHO ARMARINHO LTDA ME";"41395419";"";"S"
"COND. ICARAI";Não;"CONDOMINIO DE CONSTRUÇÃO EDIFICIO PARK ICARAI";"07036521";"";"N"
"FARMATEC";Não;"FARMATEC FARMACIA DE MANIPULAÇÃO LTDA";"01162061";"";"S"
"HELENILDE";Não;"MARIA HELENILDE GURGEL SILVA PINHO ME";"10498137";"";"S"
"MORADA DA PRAIA";Não;"CONDOMINIO MORADA DA PRAIA 01";"41409590";"";"N"
"DR ELITON";Não;"FRANCISCO ELITON ARAUJO";"";"22391258372";"N"
"ANA CELIA BATIS";Não;"ANA CELIA BATISTA MARTINS37969200125";"15370733";"";"S"
"RADIO FM 96";Não;"RADIO FM DO BARRO LTDA";"23466147";"";"N"
"ORCALBA";Sim;"ORCALBA ORGANIZAÇÃO COMERCIAL ALVES DE BARROS LTDA EPP";"06007215";"";"N"
"CASAS ALVES";Sim;"C A COMERCIO DE TINTAS E VERNIZES LTDA";"07222235";"";"N"
"A E COMERCIO";Sim;"A E COMERCIO VAREJISTA DE TINTAS IMOBILIARIAS LTDA.";"02205577";"";"N"
"MULTICLINICA B";Sim;"MULTICLINICA FORTALEZA  LTDA";"01373946";"";"N"
"XXXXXXXXXXXXXXX";Não;"KK";"03238203";"";"N"
"PH DISTRIBUIÇAO";Não;"PH DISTRIBUIÇAO E COMERCIO DE ALIMENTOS";"41650532";"";"N"
"JOAL PARTIPAÇ";Sim;"JOAL PARTICIPAÇÕES S/A";"05052124";"";"N"
"ROSEANE GOMES";Sim;"ROSEANE GOMES MONTEIRO ME";"10485502";"";"N"
"LDB TRANSPORTES";Não;"XXXXXXXXXXXXXXXXXX";"09411448";"";"N"
"MOEMA";Não;"MOEMA ANGELIM MUSY ";"";"38595818304";"N"
"DESENT. ALERTA";Não;"PAULO ROBERTO DA CRUZ MELO ME";"08530618";"";"S"
"PAULO ARMANDO";Não;"PAULO ARMANDO LIRA NEGREIROS00134416392";"12458590";"";"S"
"HOSPI. PARACURU";Não;"SOCIEDADE HOSPITALAR SAO FRANCISCO DE CANINDE";"07113558";"";"N"
"COND. JOSANETE";Não;"CONDOMÍNIO EDIFICIO JOSANETE";"00530838";"";"N"
"SOCORRINHA";Sim;"M DO SOCORRO MARINHO MELO- ME";"13047076";"";"S"
"MARIA TEREZA";Não;"MARIA TEREZA PIO DE FREITAS";"";"00150746334";"N"
"DR ADOLFO";Não;"JOAO ADOLFO DE CARVALHO NOGUEIRA";"";"01799223353";"N"
"RAH IMOVEIS";Sim;"RAH IMOVEIS SERVIÇOS DE LOCAÇÃO E COMPRA E VENDA DE IMOVEIS LTDA ME";"17214039";"";"N"
"WALL";Não;"WALL LANCHES E RESTAURANTES E COMERCIO DE ALIMENTOS LTDA ME";"41548314";"";"S"
"HUMBERTO MACIEL";Não;"HUMBERTO MACIEL GONDIM GONÇALVES";"";"24175773304";"N"
"MARIA CLAUDIA";Não;"MARIA CLAUDIA PIO DE FREITAS";"";"00000000000";"N"
"RENATA";Não;"RENATA MARTINS LOUZADA ME";"06932944";"";"S"
"MARIA IRINEIDE";Não;"MARIA IRINEIDE DA SILVA ROCHA 70276919300";"13918664";"";"S"
"PLENA IMAGEM";Não;"PLENA IMAGEM DIAGNOSTICOS POR IMAGENS LTDA - EPP";"17322260";"";"S"
"HUMBERTO M.G.G.";Não;"HUMBERTO MACIEL GONDIM GONÇALVES";"";"24175773304";"N"
"MARIA DE LOURDE";Não;"MARIA DE LOURDES MARTINS LOUSADA";"";"12198617315";"N"
"JOSE RONILSON";Não;"JOSE RONILSON PEREIRA DA SILVA";"17980098";"";"S"
"REDE CONSTRUIR";Sim;"ASSOCIAÇÃO DE LOJAS DE MATERIAL DE CONSTRUÇÃO DO ESTADO DO CEARA - ALMACCE";"16691403";"";"N"
"ALBA VALERIA";Não;"ALBA VALERIA MENDONÇA VIANA";"";"28349296372";"N"
"JANNEILE";Não;"JANNEILE TAVARES LIMA CONSTRUÇÕES ME ";"17214003";"";"N"
"VITORIA GRECYE";Não;"VITORIA GRECYE ALVES DE MENDONÇA ME";"18072153";"";"S"
"FATIMA CPF";Não;"MARIA DE FATIMA FORTALEZA DO NASCIMENTO MIRANDA ";"";"15363015315";"N"
"ANA ISABEL";Não;"ANA ISABEL MACEDO XIMENES 23485884391";"15842554";"";"S"
"PLENA GERENCIAL";Não;"PLENA GERENCIAL";"00000000";"";"N"
"SCP FOLHAS";Não;"SOCIEDADE HOSPITALAR SAO FRANCISCO DE CANINDE";"07113558";"";"N"
"MARIA FREITAS C";Não;"MARIA FREITAS COSTA";"";"21254931368";"N"
"JOÃO GIVALDO";Não;"JOÃO GIVALDO ALVES ";"";"01013033353";"N"
"DANTAS E DANTAS";Não;"DANTAS E DANTAS REPRESENTACOES LTDA";"35021898";"";"N"
"LISIE MODAS";Não;"J ACOMERCIO DO VESTUARIO E ACESSORIOS LTDA";"18740618";"";"S"
"LIMPEMAX";Não;"LIMPEMAX INDUSTRIA E COMERCIO DE PRODUTOS DE LIMPEZA LTDA";"10172355";"";"N"
"ROSE SOL NASCEN";Não;"ROSEMARY FELIX AQUINO";"";"13681346372";"N"
"W. CAMARÕES";Não;"WALTHER FERREIRA DE LIMA 00583696350";"17952443";"";"S"
"JAB ESCOLA";Não;"J.A.B. ESCOLA DE IDIOMAS LTDA-ME ";"09611471";"";"S"
"TOP FITNESS";Não;"TOP FITNESS ACADEMIA LTDA ME";"19414790";"";"S"
"ANTONIO CHURRAS";Não;"ANTONIO JOSE MONTEIRO GUIMARAES 63748177372";"14287076";"";"S"
"B&L ELETRÔNICA";Não;"B E L SONORIZACAO E MANUTENCAO LTDA ME";"12368676";"";"S"
"NEXT MAQUINAS";Sim;"NEXT LOCAÇÃO DE MAQUINAS SERVIÇOS E COMERCIO DE INFORMATICA LTDA ME";"09437964";"";"N"
"PAULO RICARDO";Não;"PAULO RICARDO PEREIRA GONÇALVES";"13462943";"";"N"
"QUERO MAIS";Não;"QUERO MAIS COMERCIO DE ALIMENTOS LTDA -ME";"06947763";"";"S"
"EXTRA GAS";Não;"EXTRAGAS COMERCIO DE GAS LIQUEFEITO LTDA";"07672032";"";"N"
"CELIO";Não;"FRANCISCO AURICELIO DA SILVA ALVES";"16524016";"";"S"
"NOSSA ÓTICA";Não;"PAULO SERGIO RODRIGUES CARVALHO MICROEMPRESA ME ";"15400451";"";"S"
"PAULO ANDRE";Não;"PAULO ANDRE DE ANDRADE GOMES ME";"10940201";"";"N"
"JOSÉ DOMINGOS";Não;"FRANCISCO JOSÉ DOMINGOS DE SOUSA 03727041315";"19517590";"";"S"
"Gustavo Sérgio";Não;"GUSTAVO SÉRGIO MAIA AGUIAR";"";"29672651368";"N"
"DOMINGOS CPF";Não;"DOMINGOS DE CAMPOS CARVALHO VICTORIA PIRES CORDOVIL";"";"01847314376";"N"
"moural";Não;"MOURALL REPRESENTAÇÕES LTDA";"18825645";"";"N"
"LR REPRESENT.";Não;"L R REPRESENTACOES LTDA ME";"20041239";"";"N"
"EXTRA GAS SPED";Não;"EXTRAGAS COMERCIO DE GAS LIQUEFEITO LTDA";"07672032";"";"N"
"RENATA LOUSADA";Não;"RENATA MARTINS LOUSADA ";"";"81934785334";"S"
"CARLOS ROBERTO";Não;"CARLOS ROBERTO DA SILVA ME";"17363825";"";"S"
"ROSANGELA PF";Não;"ROSANGELA ALENCAR DA SILVA";"";"44228376304";"N"
"ESTRELA PISOS";Não;"ESTRELA COMERCIAL DE PISOS LTDA ME";"20414872";"";"S"
"TRANSLOG";Não;"TRANSLOG DIAS E FERREIRA LTDA ME";"08860982";"";"S"
"FRANCISCA";Não;"FRANCISCA FARIA PRACIANO";"";"20360983391";"N"
"TATI";Não;"PAULO ANDRE DE ANDRADE GOMES ME ";"10940201";"";"N"
"REGINA CELIA";Não;"REGINA CELIA FEITOSA NASCIMENTO 75173808349 ";"19550604";"";"S"
"PA BRINCAR";Não;"W P NOGUEIRA PA BRINCAR DIVERSOES E ENTRETENIMENTO ME";"15046167";"";"S"
"ESPOLIO MARIA S";Não;"ESPOLIO DE MARIA SOARES BARBOZA";"";"00000000000";"N"
"LUNA RANGEL";Não;"COLEGIO LUNA RANGEL SS LTDA ";"41572975";"";"S"
"ROSELANI";Não;"ROSELANI LIMA DOS REIS 36868671334";"19469882";"";"S"
"RAIMUNDA CLIN";Não;"RAIMUNDA IOLETE PORTO MAPURUNGA";"";"03409844309";"S"
"ED. SANTIAGO";Não;"EDIFICIO SANTIAGO";"01468103";"";"N"
"STER";Não;"STERLANE DE SOUZA HOLANDA ME";"02932914";"";"N"
"UNIVERSAL DIST.";Não;"UNIVERSAL DIST. DE PRODUTOS DE HIG. E LIMP. LTDA";"15607841";"";"N"
"MARIO REPRESENT";Não;"MARIO REPRESENTACOES LTDA ME";"05717889";"";"N"
"XXXXXXX";Não;"READY SERVICOS DE APOIO ADMINISTRATIVO LTDA ME";"09519684";"";"S"
"MARANATHA";Não;"COMUNIDADE DE CRISTO MARANATHA";"14575960";"";"N"
"MARCELO PORTELA";Não;"MARCELO PORTELA MARINHO 62033700372";"19041324";"";"S"
"ANA CLARA";Não;"ANA CLARA BARROZO NOGUEIRA 01871648351";"14517579";"";"S"
"HERICA SAMILY";Não;"HERICA SAMILY RIBEIRO BARROSO 79752500315";"13540279";"";"S"
"HUDSON NOGUEIRA";Não;"HUDSON NOGUEIRA AMORIM ME";"07117096";"";"S"
"HOSPITAL REGIM";Não;"SOCIEDADE HOSPITALAR SÃO FRANCISCO DE CANINDE";"07113558";"";"N"
"JIREH REPRES";Não;"JIREH P REPRESENTAÇÕES LTDA ME";"21985520";"";"N"
"STRELA";Não;"STRELA SERVIÇOS EIRELI ME ";"21480718";"";"S"
"ACADEMIA SUMARE";Não;"ACADEMIA SUMARE LTDA";"05482015";"";"N"
"TED SPED";Não;"TED MERCHANDISING CONS TREIN DIST LTDA";"06894883";"";"N"
"UNIÃO GAS 2014";Sim;"UNIAO GAS COMERCIAL LTDA";"05924231";"";"N"
"R N  SPED";Não;"R N DUTRA REPRESENTACOES LTDA";"03163939";"";"N"
"XXXXXXXX";Não;"XXXXXXXXXXXXXXXXXXXXXX";"05924231";"";"N"
"UNIÃO SPED";Não;"UNIAO GAS COMERCIAL LTDA";"05924231";"";"N"
"WLISSES DOMEST";Não;"WLISSES DUTRA DE OLIVEIRA";"";"75606267349";"S"
"DESATIVADA";Sim;"RESTAURANTE BRANDONIS OUTLET OFF LTDA ME ";"22033053";"";"S"
"TBA";Não;"TBA PEREIRA REPRESENTAÇÕES LTDA";"22598736";"";"N"
"FYTZ  CJ. CEARA";Não;"CLUBE RECREATIVO TONYFORTE LTDA - ME";"20585744";"";"S"
"FYTZ - SUMARE";Não;"FYTZ ACADEMIA LIMITADA EIRELI ME";"23121337";"";"S"
"fytz";Não;"FYTZ ACADEMIA LTDA - ME";"23121337";"";"N"
"URBICI";Não;"DIEGO HERMYS DE SOUZA VIEIRA";"21407700";"";"S"
"LELÉO";Não;"LUIZ CARLOS DOS SANTOS 82783063387";"21915407";"";"S"
"MOURALL SPED ";Não;"MOURALL REPRESENTAÇÕES LTDA";"18825645";"";"N"
"GUARANY SPED-14";Não;"GUARANY GAS LTDA";"72135221";"";"N"
"HOR. GAS SPED14";Não;"HORIZONTE GAS LTDA";"63497119";"";"N"
"L N GAS SPED-14";Não;"L N GAS E TRANSPORTES LTDA";"05431264";"";"N"
"EXTRAGAS SPED14";Não;"EXTRAGAS COMERCIO DE GAS LIQUEFEITO LTDA";"07672032";"";"N"
"LU GAS SPED-14";Não;"LU GAS COMERCIAL LTDA ME";"11050323";"";"N"
"CAST.GAS SPED14";Não;"CASTELAO GAS LTDA";"41428210";"";"N"
"M MATOS SPED-14";Não;"DEPOSITO DE MATERIAL DE CONSTRUCAO MARIA DE MATOS LTDA ME";"00236105";"";"N"
"TOK PEL";Não;"TOK PEL COMERCIO DE MATERIAL DE LIMPEZA, ESCRITORIO E DESCARTAVEIS EIRELI ME";"22800466";"";"S"
"ZIMMERMANN ASSE";Não;"ZIMMERMANN ASSESSORIA ADMINISTRATIVA LTDA ME";"24081095";"";"S"
"AGEU R ROMERO";Não;"AGEU R ROMERO - ME ";"11737749";"";"N"
"W R IMOVEIS";Não;"W R IMOVEIS LTDA ME ";"04018082";"";"N"
"VETTOR";Não;"VETTOR SERVIÇOS DE AVALIAÇÃO, COMPRA E VENDA DE IMOVEIS EIRELI- ME";"63293476";"";"N"
"A2S AUTOMACAO";Não;"A2S AUTOMAÇAO COMERCIO E SERVIÇOS LTDA ME";"22768801";"";"N"
"CENTRO DE NUT.";Sim;"CENTRO DE NUTRIÇÃO TOTAL COMERCIO DE PRODUTOS ALI LTDA ME ";"21130486";"";"S"
"CLUBE TERRA E M";Não;"SOCIEDADE ESPORTIVA CULTURAL TERRA E MAR CLUBE";"07869498";"";"N"
"AM DIAS SORVETE";Não;"A. M. DIAS SORVETES LTDA ";"35010289";"";"N"
"CALORENTOS BURG";Não;"AIRLANE RODRIGUES GRAF";"37699457";"";"S"
"ANTONIO DUARTE";Não;"ANTONIO DUARTE NETO - ASSISTENCIA MEDICA LTDA";"43134663";"";"N"
"JAMSON";Não;"JAMSON NASCIMENTO AMARAL ME";"19248189";"";"N"
"SUN OCEAN VIEW";Não;"SUN OCEAN VIEW ADMINISTACAO DE HOTEIS LTDA ME";"24868134";"";"S"
"ISAIAS COUTINHO";Não;"ISAIAS OLIVEIRA COUTINHO";"";"03279107393";"N"
"SUN";Não;"SUN ADMINISTRACAO DE HOTEIS LTDA ME (BAIXADA)";"24711930";"";"S"
"Q LIMPO";Não;"Q-LIMPO COMERCIO DE MATERIAIS DE LIMPEZA, EMBALAGENS E DESCARTAVEIS EIRELI-ME";"24638098";"";"S"
"CAFEZINHO";Não;"COSTA E COSTA LANCHONETE LTDA ME";"21449429";"";"S"
"MULTICLINICA VA";Sim;"MULTICLINICA FORTALEZA DE VACINAÇÕES LTDA ME";"24196567";"";"S"
"FRANCISCA DAS C";Não;"FRANCISCA DAS CHAGAS GOMES BARBOSA DOS SANTOS41716035368";"23129445";"";"S"
"REST. SUN";Não;"SUN ADMINISTRAÇÃO DE HOTEIS LTDA ";"24711930";"";"N"
"YYYYYYYYYYYYYYY";Sim;"YYYYYYYYYYYYYYYYYYY";"00000000";"";"S"
"FRANCISCO DE SO";Não;"FRANCISCO DE SOUSA MENDES 83857591315";"26184302";"";"S"
"GRAFICA R & R";Não;"ROBERTO DE QUEIROZ CARVALHO ME";"04237275";"";"S"
"CENTRO";Sim;"CENTRO DO TIJOLO E MATEIRAIS DE CONSTRUÇÃO EIRELI EPP";"07135107";"";"S"
"SH SERV";Não;"SH COMERCIO DE PECAS E ACESSORIOS AUTOMOTIVOS LTDA";"38045931";"";"N"
"CENTRO DO TIJOL";Não;"CENTRO DO TIJOLO E MATERIAL DE CONSTRUCAO LTDA EPP";"07135107";"";"S"
"ALLAN ARAUJO";Não;"ALLAN ARAUJO PINHEIRO 02282581385";"21576441";"";"S"
"POLIC. JUREMA";Não;"POLICLINICA JUREMA LTDA ME";"24876491";"";"S"
"F DAS CGB SANTO";Não;"F DAS CGB DOS SANTOS ME";"26894189";"";"S"
"DESTAK";Não;"DESTAK EMPREENDIMENTOS E SERVIÇOS DE CONSTRUÇÃO EIRELI";"23635589";"";"S"
"CASA DO REMEDIO";Não;"FARMACIA CASA DO REMEDIO LTDA ";"05471955";"";"N"
"PEREZ E FREITAS";Sim;"PEREZ E FREITAS COMERCIO FARM LTDA ";"41416017";"";"N"
"RAFAEL PEREZ";Não;"RAFAEL PEREZ DE FREITAS ME";"04591828";"";"S"
"ZÉ DE CARLOS";Não;"TEREZINHA DE LIMA SOARES 01966861303";"26615178";"";"S"
"ANTONIO ADERSO";Não;"ANTONIO ADERSON NOGUEIRA MARQUES 12324361353";"27041747";"";"S"
"PEDROSO CONT.";Não;"PEDROSO E CARVALHO IND COM LTDA ME";"03783231";"";"N"
"BRASIL DOCE";Não;"BRASIL INDUSTRIA COMERCIO E EXPORTAÇÃO DE PRODUTOS ALIMENTICIOS LTDA ME";"26513839";"";"S"
"DIST. CONSTRUIR";Não;"DISTRIBUIDORA CONSTRUIR COM DE MAT DE CONST EM GERAL LTDA ME ";"27949671";"";"N"
"GMB";Não;"G M B DE FREITAS CONSTRUCOES ME";"08675701";"";"N"
"TERRA E MAR";Não;"SOCIEDADE ESPORTIVA CULTURAL TERRA E MAR CLUBE";"07869498";"";"S"
"ZE CARLOS GRAFI";Não;"JOSÉ DE CARLOS FERREIRA 35937777387";"27410454";"";"S"
"COND. COLONIAL";Não;"CONDOMINIO RESIDENCIAL COLONIAL SUL ";"23727803";"";"N"
"DL GAS";Não;"DL DISTRIBUIDORA DE GAS LTDA";"22269433";"";"N"
"PORTO JANGADA";Não;"REDE ADMINISTRACAO HOTELARIA PORTO JANGADA LTDA ME";"09494312";"";"N"
"RM PESCADOS";Não;"RM PESCADOS E CARCINICULTURA - ME";"25072389";"";"N"
"DIST CONSTRUIR.";Não;"DISTRIBUIDORA CONSTRUIR COM DE MAT DE CONST EM GERAL LTDA ME ";"27949671";"";"N"
"DL SERVIÇOS ADM";Não;"DL SERVIÇOS ADMINISTRATIVOS EIRELI";"30130631";"";"S"
"DOLCE GRAO";Não;"SOCORRO VERONICA PONTES DE ARAUJO";"23421021";"";"S"
"POSTO MA MATOS";Sim;"POSTO DE GASOLINA MARIA DE MATOS LIMITADA";"30252521";"";"N"
"LOC CENTER";Não;"LOC CENTER LOCAÇÃO COMPRA E VENDA DE VEICULOS E SERVIÇOS LTDA";"08729132";"";"S"
"PETVIDA";Não;"PET VIDA COMERCIO E SERVICOS DE ARTIGOS PARA ANIMAIS EIRELI";"06125458";"";"N"
"AUTO PEÇAS PORT";Não;"AUTO PECAS PORTUGAL COMERCIO E SERVICOS LTDA";"63315485";"";"N"
"FRANCISCO ALEFE";Não;"FRANCISCO ALEFE SOUSA 08037467333";"31016240";"";"N"
"FCO ALEFE SOUSA";Não;"FRANCISCO ALEFE SOUSA 08037467333";"31016240";"";"S"
"EXTRA AGUA";Não;"EXTRA AGUA COMERCIO VAREJISTA DE BEBIDAS EIRELI";"32899303";"";"S"
"JOAO E MARIA";Não;"JOAO E MARIA PARTICIPAÇÕES LIMITADA";"32863158";"";"N"
"NOVO ÚRBICI";Não;"DIEGO HERMYS DE SOUZA VIEIRA";"21407700";"";"N"
"LOJAS ALVES B";Não;"LOJAS ALVES COMERCIO DE MATERIAL DE CONSTRUÇÃO LTDA ";"09367876";"";"N"
"RODOLFO BRAYNER";Não;"RODOLFO BRAYNER LINS ME";"17513969";"";"S"
"EDILAMAR SPED";Não;"EDILAMAR PAIVA DE OLIVEIRA QUEIROZ ME";"14330000";"";"S"
"REATE SPED";Não;"REATE REBOUCAS ASSISTENCIA TECNICA EM APARELHOS DE REFRIGERAÇÃO LTDA ME";"35236389";"";"S"
"JUSSARA SANTOS";Não;"JUSSARA SANTOS OLIVEIRA ME";"23042238";"";"S"
"V G  N";Não;"V G N DE SOUZA SERVICOS ME ";"07811924";"";"N"
"UNIVERSAL ELE";Não;"ELETRONICA UNIVERSAL EIRELI ";"34675111";"";"N"
"JC FILHO";Não;"JC FILHO COMERCIO DE MATERIAL DE CONSTRUÇÃO EIRELI";"35120932";"";"S"
"RENATA PIRES";Não;"RENATA PIRES ACOMPANHAMENTO EDUCACIONAL LTDA";"35753471";"";"S"
"LR FITNESS";Não;"ESPAÇO LR FITNESS ";"15351434";"";"N"
"CENTER OFFICE";Não;"ERISVANDA ALVES MELGAÇO";"36851215";"";"S"
"JANAYNA";Não;"JANAYNA FREITAS COSTA 00508200369";"23937472";"";"S"
"RL METALTEC";Não;"RL MONTAGEM E MAHUTENÇÃO INDUSTRIAL LTDA";"37606447";"";"S"
"WLISSES REPRESE";Não;"WLISSES DUTRA REPRESENTACOES LTDA";"32265299";"";"N"
"RF CONSTRUÇÕES";Não;"RF COMERCIO DE MATERIAIS DE CONSTRUCOES LTDA";"37851753";"";"N"
"JEAN BOSCO";Não;"JEAN BOSCO ";"";"19467265320";"N"
"AMANDIO CLINICA";Não;"AMANDIO ASSISTENCIA MEDICA NEUROLOGIA DIAGNOSTICA E INSPEÇAO OCUPACIONAL LTDA";"41108768";"";"S"
"DIONISIA FREITA";Não;"DIONISIA SANTOS FREITAS";"39787764";"";"S"
"WR PESCADOS";Não;"WR COMERCIO DE PESCADOS LTDA";"42381961";"";"S"
"MARIA UDEVANIA";Não;"MARIA UDEVANIA CARNEIRO ALVES";"31318635";"";"N"
"DR MURILO";Não;"MPB SERVIÇOS MEDICOS LTDA";"44121320";"";"N"
"MONIQUE BOTELHO";Não;"MONIQUE BOTELHO DE MENDONÇA";"";"16927117334";"N"
"STRELA SERVIÇOS";Não;"STRELA SERVICOS E MANUTENCAO DE EDIFICIOS LTDA ";"44116644";"";"N"
"ESCOLA  CAROLIN";Não;"ESCOLA CAROLINA E LUCIA SANTOS LTDA";"45502355";"";"S"
"MARIA RAYANNA M";Não;"MARIA RAYANNA MARREIRA MURATORI";"46116376";"";"N"
"KELLY BRANDAO";Não;"KELLY BRANDAO REPRESENTACOES LTDA";"46743418";"";"N"
"LUCAS QUEIROZ";Não;"LUCAS EMANOEL TEIXEIRA QUEIROZ";"";"06602253360";"N"
"ALANO BASTOS";Não;"ALANO BASTOS COSTA FILHO";"19262862";"";"S"
"MILENIUM EMPREE";Não;"MILENIUM EMPREENDIMENTOS E SERVIÇOS AUXILIARES LTDA";"04301963";"";"N"
"VILMA REPRESENT";Não;"VILMA REPRESENTAÇÕES";"42008895";"";"S"
"JOMART & FILHOS";Não;"JOMART & FILHOS PARTICIPAÇÕES LTDA";"02446818";"";"S"
"MARROCOS ARQUIT";Não;"MARROCOS ARAGÃO ARUITTOS URBANISTAS ASSOCIADOS LTDA";"47504467";"";"S"
"CASA MARCIA";Não;"MARCIA MARIA LIRA MOREIRA";"";"15484041368";"N"
"MARCIA LIRA";Não;"MARCIA MARIA LIRA MOREIRA";"";"15484041368";"N"

